Category,URL,Status
api,https://docs.n8n.io/api/,To Process
api,https://docs.n8n.io/api/api-reference/,To Process
api,https://docs.n8n.io/api/authentication/,To Process
api,https://docs.n8n.io/api/pagination/,To Process
api,https://docs.n8n.io/api/using-api-playground/,To Process
courses,https://docs.n8n.io/courses/,To Process
courses,https://docs.n8n.io/courses/level-one/,To Process
courses,https://docs.n8n.io/courses/level-one/chapter-1/,To Process
courses,https://docs.n8n.io/courses/level-one/chapter-2/,To Process
courses,https://docs.n8n.io/courses/level-one/chapter-3/,To Process
courses,https://docs.n8n.io/courses/level-one/chapter-4/,To Process
courses,https://docs.n8n.io/courses/level-one/chapter-6/,To Process
courses,https://docs.n8n.io/courses/level-one/chapter-7/,To Process
courses,https://docs.n8n.io/courses/level-one/chapter-5/chapter-5.1/,To Process
courses,https://docs.n8n.io/courses/level-one/chapter-5/chapter-5.2/,To Process
courses,https://docs.n8n.io/courses/level-one/chapter-5/chapter-5.3/,To Process
courses,https://docs.n8n.io/courses/level-one/chapter-5/chapter-5.4/,To Process
courses,https://docs.n8n.io/courses/level-one/chapter-5/chapter-5.5/,To Process
courses,https://docs.n8n.io/courses/level-one/chapter-5/chapter-5.6/,To Process
courses,https://docs.n8n.io/courses/level-one/chapter-5/chapter-5.7/,To Process
courses,https://docs.n8n.io/courses/level-one/chapter-5/chapter-5.8/,To Process
courses,https://docs.n8n.io/courses/level-two/,To Process
courses,https://docs.n8n.io/courses/level-two/chapter-1/,To Process
courses,https://docs.n8n.io/courses/level-two/chapter-2/,To Process
courses,https://docs.n8n.io/courses/level-two/chapter-3/,To Process
courses,https://docs.n8n.io/courses/level-two/chapter-4/,To Process
courses,https://docs.n8n.io/courses/level-two/chapter-6/,To Process
courses,https://docs.n8n.io/courses/level-two/chapter-5/chapter-5.0/,To Process
courses,https://docs.n8n.io/courses/level-two/chapter-5/chapter-5.1/,To Process
courses,https://docs.n8n.io/courses/level-two/chapter-5/chapter-5.2/,To Process
courses,https://docs.n8n.io/courses/level-two/chapter-5/chapter-5.3/,To Process
user_management,https://docs.n8n.io/user-management/,To Process
user_management,https://docs.n8n.io/user-management/account-types/,To Process
user_management,https://docs.n8n.io/user-management/cloud-setup/,To Process
user_management,https://docs.n8n.io/user-management/ldap/,To Process
user_management,https://docs.n8n.io/user-management/manage-users/,To Process
user_management,https://docs.n8n.io/user-management/two-factor-auth/,To Process
user_management,https://docs.n8n.io/user-management/rbac/,To Process
user_management,https://docs.n8n.io/user-management/rbac/projects/,To Process
user_management,https://docs.n8n.io/user-management/rbac/role-types/,To Process
user_management,https://docs.n8n.io/user-management/saml/,To Process
user_management,https://docs.n8n.io/user-management/saml/managing/,To Process
user_management,https://docs.n8n.io/user-management/saml/okta/,To Process
user_management,https://docs.n8n.io/user-management/saml/setup/,To Process
user_management,https://docs.n8n.io/user-management/saml/troubleshooting/,To Process
hosting,https://docs.n8n.io/embed/configuration/,To Process
hosting,https://docs.n8n.io/embed/deployment/,To Process
hosting,https://docs.n8n.io/hosting/,To Process
hosting,https://docs.n8n.io/hosting/cli-commands/,To Process
hosting,https://docs.n8n.io/hosting/community-edition-features/,To Process
hosting,https://docs.n8n.io/hosting/architecture/database-structure/,To Process
hosting,https://docs.n8n.io/hosting/architecture/overview/,To Process
hosting,https://docs.n8n.io/hosting/configuration/configuration-methods/,To Process
hosting,https://docs.n8n.io/hosting/configuration/supported-databases-settings/,To Process
hosting,https://docs.n8n.io/hosting/configuration/task-runners/,To Process
hosting,https://docs.n8n.io/hosting/configuration/user-management-self-hosted/,To Process
hosting,https://docs.n8n.io/hosting/configuration/configuration-examples/,To Process
hosting,https://docs.n8n.io/hosting/configuration/configuration-examples/base-url/,To Process
hosting,https://docs.n8n.io/hosting/configuration/configuration-examples/custom-certificate-authority/,To Process
hosting,https://docs.n8n.io/hosting/configuration/configuration-examples/custom-nodes-location/,To Process
hosting,https://docs.n8n.io/hosting/configuration/configuration-examples/encryption-key/,To Process
hosting,https://docs.n8n.io/hosting/configuration/configuration-examples/execution-timeout/,To Process
hosting,https://docs.n8n.io/hosting/configuration/configuration-examples/isolation/,To Process
hosting,https://docs.n8n.io/hosting/configuration/configuration-examples/modules-in-code-node/,To Process
hosting,https://docs.n8n.io/hosting/configuration/configuration-examples/prometheus/,To Process
hosting,https://docs.n8n.io/hosting/configuration/configuration-examples/time-zone/,To Process
hosting,https://docs.n8n.io/hosting/configuration/configuration-examples/user-folder/,To Process
hosting,https://docs.n8n.io/hosting/configuration/configuration-examples/webhook-url/,To Process
hosting,https://docs.n8n.io/hosting/configuration/environment-variables/,To Process
hosting,https://docs.n8n.io/hosting/configuration/environment-variables/binary-data/,To Process
hosting,https://docs.n8n.io/hosting/configuration/environment-variables/credentials/,To Process
hosting,https://docs.n8n.io/hosting/configuration/environment-variables/database/,To Process
hosting,https://docs.n8n.io/hosting/configuration/environment-variables/deployment/,To Process
hosting,https://docs.n8n.io/hosting/configuration/environment-variables/endpoints/,To Process
hosting,https://docs.n8n.io/hosting/configuration/environment-variables/external-data-storage/,To Process
hosting,https://docs.n8n.io/hosting/configuration/environment-variables/external-hooks/,To Process
hosting,https://docs.n8n.io/hosting/configuration/environment-variables/licenses/,To Process
hosting,https://docs.n8n.io/hosting/configuration/environment-variables/logs/,To Process
hosting,https://docs.n8n.io/hosting/configuration/environment-variables/nodes/,To Process
hosting,https://docs.n8n.io/hosting/configuration/environment-variables/queue-mode/,To Process
hosting,https://docs.n8n.io/hosting/configuration/environment-variables/source-control/,To Process
hosting,https://docs.n8n.io/hosting/configuration/environment-variables/task-runners/,To Process
hosting,https://docs.n8n.io/hosting/configuration/environment-variables/timezone-localization/,To Process
hosting,https://docs.n8n.io/hosting/configuration/environment-variables/user-management-smtp-2fa/,To Process
hosting,https://docs.n8n.io/hosting/installation/docker/,To Process
hosting,https://docs.n8n.io/hosting/installation/npm/,To Process
hosting,https://docs.n8n.io/hosting/installation/updating/,To Process
hosting,https://docs.n8n.io/hosting/installation/server-setups/,To Process
hosting,https://docs.n8n.io/hosting/installation/server-setups/aws/,To Process
hosting,https://docs.n8n.io/hosting/installation/server-setups/azure/,To Process
hosting,https://docs.n8n.io/hosting/installation/server-setups/digital-ocean/,To Process
hosting,https://docs.n8n.io/hosting/installation/server-setups/docker-compose/,To Process
hosting,https://docs.n8n.io/hosting/installation/server-setups/google-cloud/,To Process
hosting,https://docs.n8n.io/hosting/installation/server-setups/heroku/,To Process
hosting,https://docs.n8n.io/hosting/installation/server-setups/hetzner/,To Process
hosting,https://docs.n8n.io/hosting/logging-monitoring/logging/,To Process
hosting,https://docs.n8n.io/hosting/logging-monitoring/monitoring/,To Process
hosting,https://docs.n8n.io/hosting/scaling/binary-data/,To Process
hosting,https://docs.n8n.io/hosting/scaling/concurrency-control/,To Process
hosting,https://docs.n8n.io/hosting/scaling/execution-data/,To Process
hosting,https://docs.n8n.io/hosting/scaling/external-storage/,To Process
hosting,https://docs.n8n.io/hosting/scaling/memory-errors/,To Process
hosting,https://docs.n8n.io/hosting/scaling/overview/,To Process
hosting,https://docs.n8n.io/hosting/scaling/performance-benchmarking/,To Process
hosting,https://docs.n8n.io/hosting/scaling/queue-mode/,To Process
hosting,https://docs.n8n.io/hosting/securing/blocking-nodes/,To Process
hosting,https://docs.n8n.io/hosting/securing/disable-public-api/,To Process
hosting,https://docs.n8n.io/hosting/securing/hardening-task-runners/,To Process
hosting,https://docs.n8n.io/hosting/securing/overview/,To Process
hosting,https://docs.n8n.io/hosting/securing/security-audit/,To Process
hosting,https://docs.n8n.io/hosting/securing/set-up-ssl/,To Process
hosting,https://docs.n8n.io/hosting/securing/set-up-sso/,To Process
hosting,https://docs.n8n.io/hosting/securing/telemetry-opt-out/,To Process
hosting,https://docs.n8n.io/hosting/starter-kits/ai-starter-kit/,To Process
hosting,https://docs.n8n.io/integrations/community-nodes/troubleshooting/,To Process
hosting,https://docs.n8n.io/integrations/community-nodes/installation/,To Process
hosting,https://docs.n8n.io/integrations/community-nodes/installation/gui-install/,To Process
hosting,https://docs.n8n.io/integrations/community-nodes/installation/manual-install/,To Process
hosting,https://docs.n8n.io/integrations/community-nodes/installation/verified-install/,To Process
non_categorized,https://docs.n8n.io/sustainable-use-license/,To Process
non_categorized,https://docs.n8n.io/video-courses/,To Process
non_categorized,https://docs.n8n.io/credentials/,To Process
non_categorized,https://docs.n8n.io/credentials/add-edit-credentials/,To Process
non_categorized,https://docs.n8n.io/credentials/credential-sharing/,To Process
non_categorized,https://docs.n8n.io/embed/,To Process
non_categorized,https://docs.n8n.io/embed/managing-workflows/,To Process
non_categorized,https://docs.n8n.io/embed/prerequisites/,To Process
non_categorized,https://docs.n8n.io/embed/white-labelling/,To Process
non_categorized,https://docs.n8n.io/flow-logic/,To Process
non_categorized,https://docs.n8n.io/flow-logic/execution-order/,To Process
non_categorized,https://docs.n8n.io/flow-logic/looping/,To Process
non_categorized,https://docs.n8n.io/flow-logic/merging/,To Process
non_categorized,https://docs.n8n.io/flow-logic/splitting/,To Process
non_categorized,https://docs.n8n.io/flow-logic/subworkflows/,To Process
non_categorized,https://docs.n8n.io/flow-logic/waiting/,To Process
non_categorized,https://docs.n8n.io/help-community/contributing/,To Process
non_categorized,https://docs.n8n.io/manage-cloud/ai-assistant/,To Process
non_categorized,https://docs.n8n.io/manage-cloud/change-ownership-or-username/,To Process
non_categorized,https://docs.n8n.io/manage-cloud/cloud-admin-dashboard/,To Process
non_categorized,https://docs.n8n.io/manage-cloud/cloud-data-management/,To Process
non_categorized,https://docs.n8n.io/manage-cloud/cloud-free-trial/,To Process
non_categorized,https://docs.n8n.io/manage-cloud/cloud-ip/,To Process
non_categorized,https://docs.n8n.io/manage-cloud/concurrency/,To Process
non_categorized,https://docs.n8n.io/manage-cloud/download-workflows/,To Process
non_categorized,https://docs.n8n.io/manage-cloud/overview/,To Process
non_categorized,https://docs.n8n.io/manage-cloud/set-cloud-timezone/,To Process
non_categorized,https://docs.n8n.io/manage-cloud/update-cloud-version/,To Process
non_categorized,https://docs.n8n.io/privacy-security/,To Process
non_categorized,https://docs.n8n.io/privacy-security/incident-response/,To Process
non_categorized,https://docs.n8n.io/privacy-security/what-you-can-do/,To Process
non_categorized,https://docs.n8n.io/source-control-environments/,To Process
non_categorized,https://docs.n8n.io/source-control-environments/create-environments/,To Process
non_categorized,https://docs.n8n.io/source-control-environments/setup/,To Process
non_categorized,https://docs.n8n.io/source-control-environments/understand/,To Process
non_categorized,https://docs.n8n.io/source-control-environments/understand/environments/,To Process
non_categorized,https://docs.n8n.io/source-control-environments/understand/git/,To Process
non_categorized,https://docs.n8n.io/source-control-environments/understand/patterns/,To Process
non_categorized,https://docs.n8n.io/source-control-environments/using/,To Process
non_categorized,https://docs.n8n.io/source-control-environments/using/copy-work/,To Process
non_categorized,https://docs.n8n.io/source-control-environments/using/push-pull/,To Process
